rps,p99_rt,p95_rt,p50_rt,mean_rt,action,action_p,allocation,avg_cpu_usage,overallocation_ratio
98,253.1244041956967,200.90396804735065,162.971006706357,167.7985219266172,21,0.015625,38.253442622950814,18.223544857609287,0.5236103313045148
102,242.5978309661147,197.54275726154444,161.200069822371,165.73481250005128,51,0.015625,38.94229508196722,17.713486035283605,0.5451350261200685
105,256.44881151616585,207.6356459408997,165.5027326196432,170.4500536927822,45,0.015625,37.11918032786885,17.868974523042624,0.5186053580599486
106,218.9186331816016,184.9396168254316,162.35536895692348,164.98069169867236,26,0.015625,39.20508196721311,17.887880796707652,0.5437356613189295
109,237.9280675947667,197.1385298296809,163.3682530373335,169.21206779324257,10,0.015625,41.133278688524584,19.19835844159508,0.5332645718088341
113,247.2750066407025,194.5307148620486,157.90783893316984,162.84203478080133,34,0.015625,40.746393442622946,18.854106974018038,0.537281575593495
112,320.1931631192565,243.57106536626816,170.33830750733614,179.95817039486187,16,0.015625,36.43868852459016,19.821135419088524,0.45604147071010814
118,224.31392718106505,180.68963922560212,161.29637509584427,163.58991548375167,3,0.015625,44.34360655737704,20.30823014457213,0.5420257457341698
120,269.0404546633363,223.2915377244353,167.38444473594427,174.71641401421482,48,0.015625,38.44393442622951,21.291527174312566,0.4461668012890535
124,252.4749156832695,208.69381241500375,164.479561150074,170.13867989676754,12,0.015625,41.29704918032786,21.168894137270495,0.4873993528003825
129,245.8641072362661,202.88037564605477,163.10800798237324,167.4532427404668,25,0.015625,54.14786885245902,23.047593616708745,0.5743582507465188
130,267.20507957041264,215.65708667039863,170.38266733288765,176.13096732840947,32,0.015625,39.19836065573771,22.185448833744264,0.4340210033631383
131,235.67442145198584,211.30630541592836,169.83469761908054,174.3696220573813,36,0.015625,39.239999999999995,22.056555086065575,0.43790634337243683
136,248.1067110598083,212.6079270616173,168.2354435324669,174.00269766700129,59,0.015625,41.277540983606556,23.047430368025687,0.4416472052640197
137,248.37252521887424,200.4560607485473,166.72819759696722,170.58215124624346,35,0.015625,40.42360655737705,22.667342947168308,0.4392548098103418
140,241.2141689844427,190.25911586359143,165.67758191376925,168.82806746163547,41,0.015625,58.482295081967216,25.648532837320523,0.5614308090786754
143,263.7828447297218,221.6566994786261,171.15221917629242,177.43288867127058,44,0.015625,41.41213114754098,24.47512623559673,0.408986556417538
146,280.5533418804403,231.9725757464766,175.58341100811958,182.4914782958976,39,0.015625,39.239999999999995,24.454330286885245,0.37680096108855127
149,206.18660453707005,184.6724445000291,165.58379400521517,167.7134789228257,58,0.015625,51.41868852459016,25.722054159324593,0.4997528156124901
150,247.32291430234923,211.17569878697395,174.85997918993235,178.43486437196864,46,0.015625,39.239999999999995,25.648834870504373,0.3463599676222126
154,219.4230103492737,189.03618752956388,166.25424101948738,169.12943460709965,18,0.015625,54.24803278688524,26.8044099084612,0.5058915774187979
157,260.6892379745841,217.0394577085972,171.3854968547821,177.628006795757,37,0.015625,42.01606557377049,26.492466780620763,0.3694681684531808
160,256.83273235335946,199.67408198863268,166.60060919821262,170.93970228771917,17,0.015625,68.90049180327867,29.059811541022402,0.5782350636336159
164,251.1196160130203,215.0275668129325,171.89933080226183,177.00773173586725,14,0.015625,47.52311475409836,28.400770110216392,0.40237986804585174
166,236.76745083183047,201.3588093221188,170.62264680862427,173.7851938714133,52,0.015625,46.8172131147541,27.865045552260657,0.4048119548688131
168,252.59113073349,223.10039736330504,179.54129166901112,184.31759019122427,22,0.015625,47.76081967213115,29.045179418944258,0.39186178925877246
168,305.3592098690567,260.28932733461266,193.67410335689783,200.260086212713,56,0.015625,39.551475409836065,28.72579453481858,0.27371117670935846
174,219.80178663507107,196.6827092692256,168.95622480660677,171.79799657626518,43,0.015625,53.361803278688534,29.85661277197377,0.4404871848868382
177,254.3461871519687,210.45860964804885,170.96803057938814,176.11855913887,5,0.015625,58.833770491803286,31.302080421859017,0.4679572605971256
180,263.6751218140128,201.0009415447711,169.3804431706667,174.03347992243522,1,0.015625,76.85770491803278,31.952415637798364,0.5842652903586572
184,269.26858648657765,217.09300149232143,167.8415685892105,174.08857515941614,19,0.015625,57.29114754098361,31.846855275947544,0.44412258013917977
184,268.0489298142492,222.8870239108801,175.45012384653091,182.4720892373301,60,0.015625,51.6644262295082,31.620107699932788,0.38797137590443376
188,277.83086432144074,203.06158559396863,170.4930141568184,175.17339778999582,13,0.015625,58.706229508196714,33.17757437448251,0.43485427947897465
189,257.4572922848166,227.4623529985547,184.5156578347087,188.2390913472238,15,0.015625,50.89770491803279,32.45352170395028,0.3623775029499971
186,345.5121918581426,288.1086938083172,206.9962210953236,214.6776565423611,55,0.015625,46.12131147540984,32.29305747211749,0.29982352107799576
193,261.4822311699391,222.5921932607889,184.36875194311145,188.11466306047413,6,0.015625,63.30754098360654,35.83876049290161,0.433894289115067
191,331.3551512733104,289.25117226317525,226.75440274178985,230.38671215975072,64,0.015625,44.36081967213114,33.426024067124594,0.24649669879468278
203,251.1126810871065,207.4372879229486,174.35137275606394,178.27427814788257,2,0.015625,77.30622950819672,36.60033022664044,0.5265539341462808
205,267.6365041919052,221.0622121579944,173.79934433847666,179.12465722260333,20,0.015625,60.09360655737705,35.41628984578907,0.4106479561686185
209,247.73715332150465,201.4925628900528,173.86321164667606,177.34446693537558,9,0.015625,83.26885245901639,37.30740135847486,0.5519645070545799
210,255.9336686693132,208.7665397673844,172.55691066384315,177.4877538419071,4,0.015625,67.29573770491803,36.52297783447595,0.45727650695169025
214,263.510858360678,226.5679026022553,180.9500465169549,185.84826492252137,11,0.015625,68.11688524590163,38.11739616589891,0.44041193269047324
212,272.95423276722425,226.1134729720652,186.27087585628036,189.8198380455827,30,0.015625,56.80737704918033,37.116925783268314,0.346617856495385
217,257.7933733165264,215.08304867893452,183.42507258057597,186.68253295872705,42,0.015625,73.23885245901639,39.13369498766285,0.46567028737156124
217,279.40747886896133,248.50204680114985,198.2483919709921,203.0262742783456,40,0.015625,55.70475409836066,38.88592134453224,0.30192813927749446
221,271.85048557817936,238.70810791850087,196.68259657919407,199.91886367475263,47,0.015625,55.95409836065574,38.91352593297596,0.3045455637198133
220,285.8743284642696,258.639289997518,205.0711503252387,210.3267656809188,63,0.015625,53.70081967213115,38.88650553022459,0.27586756091163867
229,257.69481753930444,223.8369564525783,186.61216367036104,190.31568818164885,57,0.015625,87.47918032786885,42.809718921200556,0.510629629121452
226,297.75911770761013,261.1648678779602,205.95049671828747,210.5912456444618,62,0.015625,58.84016393442623,40.70707949357432,0.3081752875648023
226,320.76640363782644,289.4866853952408,219.2368060350418,224.32127317076456,31,0.015625,58.2472131147541,40.65531515900984,0.30202128162056585
231,382.2109977528452,306.53583351522684,197.82038033008573,210.7117329640016,28,0.015625,66.6850819672131,41.28210751040273,0.38093939015176115
240,241.90188271924853,211.99707258492705,179.99753169715405,183.41891344975016,33,0.015625,91.24950819672131,43.46238341046722,0.5236973407377896
230,329.55896858125925,293.4453373774886,232.27642104029653,236.72194889910523,23,0.015625,60.54327868852459,42.344117207942084,0.30059755392850873
234,331.1792052909732,295.7493429072201,229.772568680346,232.4175604755003,54,0.015625,59.265573770491805,42.565723684432236,0.2817799444704674
240,319.9318400770425,273.2625260949135,217.05259196460247,221.6448345502722,29,0.015625,67.21704918032786,43.85194218598962,0.34760685390480384
243,322.6815643347799,281.79517146199936,220.6527618691325,225.7901259712769,38,0.015625,64.81967213114753,44.77610148848252,0.30922048791162515
250,281.28604628145695,251.35982409119603,197.4298106506467,202.6129033891132,27,0.015625,74.06278688524591,45.09457743120698,0.39113042692982575
254,259.2799816839397,223.81719071418044,184.74881164729595,188.948742418382,50,0.015625,80.83442622950818,45.245058289446455,0.4402748878184035
256,286.1591928452256,250.98943263292307,200.4980556666851,205.05174651366363,24,0.015625,63.40147540983607,44.89137864139562,0.29195056816562354
258,263.4427317231893,238.2318131625652,201.31037011742592,203.26576259128527,53,0.015625,66.61721311475408,45.555609367532796,0.3161585836822804
260,301.0496944747865,253.12290964648128,202.0955355837941,207.31456283651048,61,0.015625,65.98934426229508,45.8846157852483,0.3046662866831092
261,333.0924140661956,273.1105126440525,203.18475179374215,210.86971381901276,8,0.015625,72.73819672131148,46.373827629208186,0.36245563239786543
266,288.3578509464862,253.54123748838896,205.2349429577589,209.2668573245433,7,0.015625,79.91967213114754,48.416528447626234,0.3941850966533609
273,276.45752895623457,222.4148239940405,182.03541822731492,187.55969080811076,49,0.015625,100.3606557377049,49.59497008008637,0.5058325424885219
276,275.28841190040134,218.0225484073161,180.10624684393406,185.09621265502557,1,0.015625,112.25,50.41777750734317,0.5508438529412636
278,286.7881043255334,231.7709018476307,188.32843285053968,193.56227872584265,4,0.015625,88.45639344262295,49.903553811975414,0.43584005779813706
275,288.36130011826754,242.53034181892872,204.16362211108208,206.94542611638704,44,0.015625,76.61409836065573,49.641926186107106,0.35205233438340466
279,285.67975414916884,249.87895134836435,203.73256877064705,207.4730878809989,21,0.015625,77.72213114754098,50.11091224424481,0.35525555585810453
276,306.20030246675014,276.1552069336176,225.80686397850516,228.30512949734705,64,0.015625,62.00540983606558,49.219653154203286,0.20620388955844676
288,250.2839381620287,222.59324090555307,190.3826855123043,193.39375740075155,57,0.015625,106.65967213114754,53.6786381522847,0.496729765995511
287,285.44567165896234,251.84201980009675,204.42701503634453,208.6403936629323,51,0.015625,84.48639344262295,52.45047411121311,0.3791843636119504
293,290.8838998526333,236.57269682735205,198.8675761967897,202.10861550508804,18,0.015625,97.86245901639344,53.81116100646066,0.4501347958419227
285,313.3382712304591,278.63199412822723,226.32085159420967,229.84320520933,63,0.015625,69.79360655737703,51.844308353982505,0.2571768259122486
289,316.64041377604013,272.5898485630749,215.7399840652943,220.66452795514277,14,0.015625,82.23245901639345,52.71559505068634,0.3589441969602633
297,291.6162417083979,255.66526055336,207.6522242277861,210.94972659835557,19,0.015625,88.59311475409837,54.06359168577049,0.389754025063562
296,319.8065161332488,280.79433403909206,222.09620475769043,226.61758341682733,16,0.015625,77.73344262295082,53.58944105071148,0.31059992658952196
303,281.46971389651304,241.1584979854524,203.82358599454165,206.63048371116585,50,0.015625,98.59426229508198,56.26507099996175,0.4293271262422303
298,314.02139276266087,281.8130424246192,231.1267238110304,234.70788411926168,45,0.015625,77.45852459016392,54.44083142026395,0.2971615234306035
297,330.5190338939429,298.2176270335913,248.1980361044407,250.80471945521208,54,0.015625,74.05262295081967,54.76789849079999,0.26041919504765115
306,338.85976132005453,290.3758706524968,215.53626470267773,224.41754581647336,5,0.015625,95.98147540983605,57.354597499876505,0.4024409683746236
311,306.1434125527742,260.4925002902747,217.83730760216716,220.99177409185705,43,0.015625,89.87360655737704,57.950758860653,0.3551971365068551
311,307.1760321594774,273.6388419754803,232.63775277882812,234.64851232985671,52,0.015625,85.6518032786885,58.39349005959727,0.3182456431232374
311,333.76803599297966,293.10903772711754,236.9746696203947,240.7850453955804,53,0.015625,82.96590163934425,58.15493105725354,0.2990502133026275
311,355.6112839281559,313.8762941583991,248.215576633811,252.1499081464532,22,0.015625,85.71770491803278,59.18827324637596,0.3094976900866103
329,268.67390833795065,218.61481256783009,188.2905513048172,191.79923733302616,33,0.015625,124.72737704918032,61.23107117053496,0.5090807437857737
326,297.42815606296085,254.3838620185852,206.3619215041399,211.10255232372705,58,0.015625,104.55426229508197,60.67502074941202,0.41967912720602635
324,314.6431511081756,284.4287689775228,229.5067422091961,232.6955321250157,15,0.015625,86.72180327868851,59.37166965971803,0.31537782408742476
320,333.6086330004036,301.4246863313019,245.92501018196344,247.2362298949716,37,0.015625,85.68573770491803,59.30816777580382,0.3078408453452603
339,275.5442678928375,222.0664089545608,189.44675102829933,193.308962524839,17,0.015625,134.9190163934426,63.49651469863716,0.5293731277029734
335,301.26370722427964,256.1600368469953,216.1730183288455,218.35949588623956,8,0.015625,92.78590163934427,61.58825833345519,0.3362325822639876
336,329.4034453853968,291.62715896964073,228.70900202542543,233.8228326948424,7,0.015625,95.5711475409836,61.84984430128405,0.3528397859326624
333,327.9835033789276,294.1218550316989,243.9324986189604,246.5793623525985,31,0.015625,83.13049180327867,60.904361659948634,0.26736435285293764
325,392.8783980570729,345.64469624310726,269.76977940648794,276.6547888649393,47,0.015625,78.40786885245902,59.680691303952564,0.2388430883607562
333,356.3532602973282,315.59564592316747,249.4692411273718,253.88424505778457,60,0.015625,89.60491803278688,62.07444478187827,0.30724288192345733
352,268.0449215695262,228.27445715665817,196.10099401324987,198.9607766351033,2,0.015625,129.5649180327869,66.77348667406503,0.48463297250597
355,293.2471841387453,251.6722125001251,204.22954391688108,208.68602351490043,42,0.015625,115.99459016393443,66.990354854253,0.42247000692380615
363,268.04577756673103,224.84342716634276,194.8675960302353,197.88097073201288,41,0.015625,138.5173770491803,69.41714160793771,0.498856077939656
365,269.8311135172844,220.88388074189425,189.79043327271935,193.63322113243697,9,0.015625,141.9804918032787,68.15568584216231,0.519964433306827
366,278.30133084207785,238.352385815233,201.22797787189484,204.7885269991013,3,0.015625,121.06327868852458,69.05200549305957,0.4296205567774292
347,375.4172781668606,336.4578007720411,265.7441673800349,271.1137759115031,62,0.015625,84.77967213114752,65.12889873430984,0.23178638113201794
354,335.92463158071087,293.48224401473993,244.8806893080473,247.6914979274161,59,0.015625,99.19819672131149,66.4335857989377,0.3302944207183831
363,312.29130188003177,271.42922515049577,227.848568931222,231.3373499455248,6,0.015625,108.49836065573768,69.02351943869687,0.3638289185059063
343,426.3798997551204,380.2922250702977,300.7655069231987,304.7521846061361,48,0.015625,82.6539344262295,64.68158899068743,0.21744089449949647
374,276.1789575777948,251.4744237996638,210.251291282475,213.5826352306192,26,0.015625,126.5665573770492,70.63309883747435,0.4419292086214038
371,314.3396639823913,284.05023291707033,235.46026647090912,238.9641746894276,13,0.015625,107.4144262295082,69.33942488284698,0.3544682281810811
384,263.5928253084419,233.4289699792862,201.02684758603573,203.6536587346167,10,0.015625,134.2544262295082,72.57450293535082,0.45942562212969745
364,365.3072588145732,325.63700564205647,265.3656005859375,268.70076240258686,30,0.015625,94.74491803278687,68.43433106884756,0.27769918967932855
347,493.6555813625452,433.3011241629719,329.8100270330906,335.8863639740424,32,0.015625,85.63573770491804,65.63388474906175,0.2335689922445497
382,342.4789573997259,292.88789816200733,228.05085219442844,234.27576140587664,11,0.015625,122.76163934426229,72.97517580519619,0.4055539157427605
377,337.8936735913158,303.8275511935353,249.26358181983232,252.8931974272387,36,0.015625,104.41360655737705,71.22910581071089,0.3178177810420782
370,374.8206093162298,342.5849683582783,282.14674815535545,284.97713194031763,23,0.015625,95.9032786885246,70.23426522429781,0.2676552232129081
365,427.4117994681001,384.3602579087019,300.3766182810068,305.7711771458935,39,0.015625,90.5490163934426,68.86480991268961,0.2394747877385372
359,470.09785659611225,418.2995022274554,332.0869281888008,337.609217317,40,0.015625,88.06983606557375,68.18325804715518,0.22580464443707737
385,366.5566925704479,318.6863601207733,246.89274467527864,253.0299280032368,28,0.015625,110.17114754098361,73.54216852084537,0.33247342736910573
383,351.0787479393184,321.1961025372147,273.367578163743,275.659517438277,61,0.015625,102.44032786885245,72.86508725726426,0.2887070085274561
397,312.97583255916834,284.92965716868633,239.71007112413645,242.7253777309484,20,0.015625,115.01016393442623,76.2643238217,0.336890573730661
381,412.3532070964575,366.1185685545205,296.59853875637054,300.41191318469373,55,0.015625,92.64934426229507,72.96245695300601,0.21248814512442168
391,364.9628805369141,327.7333568781614,270.63461020588875,274.26996771831614,29,0.015625,107.88065573770491,75.80245056976612,0.29734900060240615
399,377.5631278380749,330.01761892810464,253.8007413968444,260.6549991267555,27,0.015625,120.59868852459016,77.2369891399317,0.3595536561396104
409,310.7990961149335,280.3466968238353,235.7148919254541,238.2525660482357,35,0.015625,121.67639344262294,78.78351714216777,0.352516006489636
429,278.8866286166015,237.7819865942001,198.75705800950527,202.84729935043904,25,0.015625,164.09524590163932,81.88471692754918,0.5009927528514027
399,370.3790242224932,339.1615407541394,288.9656536281109,290.9006779357795,38,0.015625,100.08377049180328,74.76659306299727,0.2529598685621007
423,304.776570852846,266.20725216344,218.7308594584465,222.92748006272012,34,0.015625,139.6490163934426,81.12962082431585,0.41904624236132176
392,408.4956133365631,374.4750276207924,311.79942563176155,312.4440774551196,24,0.015625,95.72754098360656,74.14139924741694,0.22549562554715855
438,269.25451163202536,234.2354306951165,198.69433157145977,202.15185400845888,49,0.015625,160.17344262295083,82.89059247066449,0.4824947811992191
430,301.52099125087267,268.0243937298655,227.6224559172988,229.7468258650168,12,0.015625,130.39885245901644,82.05131630410655,0.370766576876934
409,396.20565909892326,357.7963249757886,277.1393209695816,283.33881430423605,46,0.015625,104.42016393442623,77.71837321071366,0.25571488989885854
388,484.9828811362386,439.3761777319014,358.2289097830653,363.11944933260366,56,0.015625,88.65262295081965,73.74950220153607,0.1681069352855034
447,256.9218851625915,225.9421944618225,200.70497319102287,203.2052700419843,1,0.015625,190.27803278688526,88.09790469144535,0.5370043330744514
429,341.6536242142317,306.6801507025957,255.93025609850883,259.1582702170307,22,0.015625,113.64852459016396,81.80293788344864,0.28021117582965516
415,410.6762224435802,366.1801213398575,293.09194907546043,297.7624516377041,23,0.015625,108.58245901639343,79.43636612703772,0.26842358474268235
427,378.65324053913344,331.6525548696518,274.9221958220005,279.0755626591178,60,0.015625,118.55344262295083,83.73464671425683,0.2936970461451063
446,300.3817906044424,266.19117967784405,227.9572868719697,230.25022710069257,4,0.015625,145.5295081967213,87.52718488304849,0.3985605670794095
439,342.7714536525309,306.4415936358273,254.74926177412271,256.8350888245728,14,0.015625,123.60065573770494,85.79756064813661,0.30584866127078586
457,296.9724401831625,252.6831589639187,218.8189849257469,220.97386544348703,34,0.015625,153.60000000000002,89.94337998383224,0.4144311198969256
421,425.5267661064863,390.8561831340194,317.1977419406176,321.6312645353451,39,0.015625,107.91688524590164,82.42617650313551,0.2362068612773847
414,460.1935168541968,421.1457851342856,339.8918164893985,342.9454286522946,32,0.015625,102.20262295081966,80.56959201934973,0.21166806004460217
446,397.3332599177955,343.5631739906966,260.1289190351963,268.9167425562038,43,0.015625,132.8762295081967,87.8700413607011,0.3387075951362642
436,431.32900627329946,375.40267799049616,296.138308942318,302.4040746804154,16,0.015625,116.62590163934426,85.19225880509072,0.26952540038197886
470,286.486071459949,251.8535891547799,217.4357119947672,219.17275407845867,25,0.015625,194.7016393442623,96.94920843306181,0.5020627008607731
413,522.0431003719568,474.051995202899,372.7415185421705,378.1802244968783,56,0.015625,96.61180327868851,79.69051374356503,0.17514722798737084
456,391.95170160383,342.29102404788136,260.8496267348528,268.0894420992974,19,0.015625,139.14983606557377,89.28006788584099,0.35838898262324836
469,335.3392272256315,297.8812581859529,240.28342310339207,244.79715128652413,5,0.015625,146.22016393442624,90.99402739991201,0.3776916606336243
455,377.5073336064816,340.46525713056315,274.5151314884424,278.17216359880854,53,0.015625,122.62721311475411,88.56962625073716,0.2777326989576611
447,401.7962454818189,361.7558931000531,308.1212090328336,310.6057440602653,46,0.015625,112.24409836065574,85.99993662201257,0.23381328837723891
450,426.6110909357667,370.8346092142164,306.4534394070506,310.15928996778774,38,0.015625,115.49262295081967,87.51239658997923,0.242268515909932
485,293.81949361413723,257.1786679327488,227.3255418986082,229.85952153586052,9,0.015625,215.19098360655738,104.98871802338363,0.5121137685985075
493,304.1683172248304,258.1494651734828,217.71451085805893,221.80695135438356,33,0.015625,200.7073770491803,103.24866431659345,0.4855761365896684
478,341.22797124087805,304.0418475866318,258.8575892150402,261.32645248193086,21,0.015625,133.50967213114754,93.886322368241,0.2967826160488525
471,400.7712497189641,342.4717557616532,279.2932642623782,283.31196354886094,28,0.015625,135.472131147541,93.16778531601037,0.31227342091088467
480,343.02031513303524,305.8609332889318,258.6097437888384,262.0310035441255,59,0.015625,136.18754098360654,93.29767970974372,0.3149323422986663
449,469.23590071499376,422.6083490997553,349.9134834855795,353.52355442598315,48,0.015625,106.27016393442625,86.0201970436043,0.19055176110688174
464,457.27963201701647,394.8320990428329,307.6434526592493,313.99853692069604,52,0.015625,127.95180327868852,90.6941968635344,0.2911846918953091
451,467.6302732899784,413.51523250341415,344.07698176801205,347.69183866453994,40,0.015625,110.68344262295082,87.71653800760438,0.20750081557893396
480,425.9020216390491,372.7624462917447,283.76090340316296,290.23675853278485,20,0.015625,141.6727868852459,95.42318261496393,0.326453691545885
490,403.07669891044526,350.8471450768411,266.3579834625125,273.8213900739352,13,0.015625,147.85688524590165,97.3730451198672,0.3414371947716502
445,511.5402796678245,465.5346440151334,389.16667085140944,392.30726761154176,64,0.015625,104.34688524590166,86.051557636406,0.17533180378485927
510,329.7527149692177,283.5870463401079,235.07347144186497,239.48778721455832,49,0.015625,206.8252459016393,108.84139979157267,0.47375186565311855
500,349.3677156046033,316.6635401546955,267.9034676402807,270.9462195181885,15,0.015625,138.42377049180328,98.65586393300384,0.28729102247040933
491,382.3117253556847,348.26075341552496,290.72480369359255,294.2578462121816,29,0.015625,134.07868852459015,96.71446115986448,0.27867387260334836
473,429.5009953528642,397.35647160559887,340.42114578187466,342.98382415572155,24,0.015625,116.00819672131149,91.13951875185028,0.21437000722633137
513,368.9747251570225,321.1070662364364,246.3321965187788,253.75823896241863,50,0.015625,171.79524590163933,103.88317050368143,0.3953082347624491
526,301.4347650110721,267.2158179804682,230.75451608747244,233.6528060696415,11,0.015625,167.1837704918033,103.82348301866668,0.37898587456635363
533,301.6676550731064,263.92731722444296,224.5715372264385,227.63841521535824,3,0.015625,181.79065573770495,106.2392150963787,0.4155958420125564
525,339.09423828125,296.77197597920895,248.95335920155048,252.76508231581585,51,0.015625,153.19852459016394,103.66082886067267,0.3233562194023364
470,502.4485114961863,459.52199697494507,377.6674587279558,380.7279209956373,63,0.015625,114.16278688524591,92.69658362766339,0.1880315279895883
483,510.7877844944597,441.3916952908039,346.4165199548006,354.54703730018497,30,0.015625,128.42737704918034,96.89352146760983,0.24553842261759223
479,482.2886713035405,437.9282715730369,368.0279655382037,371.44051496883054,47,0.015625,118.07737704918031,94.65396083693005,0.1983734462740834
532,338.5007303208111,300.1177627593279,252.39408388733864,257.3392386358271,17,0.015625,249.4395081967213,124.7831265517519,0.4997459405935756
544,325.82088470459007,277.0417921245097,235.7734888792038,239.23653670583656,6,0.015625,167.15409836065572,107.8865032204716,0.3545686029923534
540,324.1200255230069,288.506899215281,244.49719674885276,247.09256146728464,12,0.015625,168.34934426229512,108.40281487001037,0.3560841276511634
537,329.625718742609,292.8192220628261,252.866568043828,255.54312627676975,27,0.015625,160.70000000000002,107.35520887117325,0.33195265170396243
522,379.767946023494,350.2068200148642,292.9442888125777,295.4489996425368,37,0.015625,139.4667213114754,103.12719689797377,0.26056054140932605
542,361.48480957373977,315.0216050446033,253.76428477466104,258.61553243646404,58,0.015625,183.7427868852459,112.58794078869562,0.38725245928151225
545,351.02793037891416,305.24240341037506,253.14936414361,258.8184203892174,57,0.015625,234.2655737704918,124.70842976966284,0.46766215896562446
556,323.4889988601208,280.91911450028414,244.5613108575344,247.5030716176296,10,0.015625,219.14442622950816,123.13869595825301,0.43809341594072365
555,330.1035473123192,291.2048580124974,246.87029607594013,250.2398363808082,35,0.015625,170.5555737704918,112.0771881023448,0.34286997707174593
532,394.0631952881812,357.5696840882301,299.04551804065704,301.98728590900384,61,0.015625,139.81393442622948,105.67624553455518,0.2441651401326274
555,358.8373112305993,312.45629638433456,251.77565962076187,257.3422469361096,42,0.015625,198.74442622950824,118.84984587912349,0.401996583582793
562,336.3677562400698,295.6617386080324,253.5230312496424,257.8189101745004,41,0.015625,252.2022950819672,131.71131746442623,0.4777552780730275
569,314.6633889526129,273.55376705527306,239.1624506562948,242.25956539543117,18,0.015625,213.28803278688525,123.96958562282185,0.4187691451648827
570,329.22387268394226,283.0736777745187,245.8772286772728,248.94474216526268,26,0.015625,213.75737704918032,125.39177437327213,0.41339206111037485
568,327.0580322295434,283.3184272050857,253.59490141272545,256.2586527362829,2,0.015625,249.00688524590163,133.61854970265847,0.4633941564679779
554,387.8159250319004,347.0993757247925,285.70060804486275,289.75896247635603,45,0.015625,153.68786885245902,114.74238507959399,0.25340636228258756
554,409.4680516980591,360.8985850587487,289.47039507329464,295.7745414208898,44,0.015625,161.27573770491804,114.50680669292623,0.2899935953017539
563,392.8490824997424,349.84395280480385,284.6335042268038,288.5170841483411,8,0.015625,163.81344262295082,114.722690470912,0.29967474809152833
527,481.53854971751593,433.423534501344,359.74204167723656,364.2719200575555,31,0.015625,136.2593442622951,107.5582719521869,0.21063562624270007
563,477.216372340918,398.7398279830812,284.99430045485497,295.91212318469866,7,0.015625,170.80377049180328,115.9444676521705,0.32118320738279854
545,444.58681114017935,404.097412712872,335.4248590767384,337.1009443270436,62,0.015625,139.03147540983605,109.01030831451855,0.2159307236496002
534,480.0731020048262,431.6051783040166,356.2529534101486,360.06910133409144,54,0.015625,137.5324590163934,108.14719524499345,0.21366057134117936
523,610.2106906287372,496.2765978649258,385.1064629852772,394.5516989944048,55,0.015625,129.0516393442623,104.50651539272953,0.1901961422284254
548,510.7628159970044,451.10539942979807,335.2404795587063,343.5496855719404,36,0.015625,158.63754098360656,111.88753603207199,0.29469698446955667
577,360.6271204352376,320.9517480805516,286.764295771718,289.8780868967062,1,0.015625,309.1983606557377,148.2783321915333,0.5204426961479696
594,345.68433808162814,299.122894462198,258.1842504441738,261.01959488683934,18,0.015625,236.0445901639344,138.71183119215846,0.41234903500299563
577,395.6669051013888,354.18298710137606,297.9722339659929,300.97863789670566,16,0.015625,156.8749180327869,117.35517519736497,0.25191881105660424
592,347.3790125176309,303.0753228813409,271.9179140403867,273.6971411393805,57,0.015625,271.3709836065574,145.0389789384503,0.4655324714128884
590,358.39078078046447,307.2523241862654,280.91400396078825,283.26401986045227,17,0.015625,304.14852459016396,150.9588763632317,0.5036672409749587
597,366.8398422934112,327.2086459212005,267.04609394073486,272.0794617663189,7,0.015625,188.9696721311476,129.421511141494,0.3151202006019588
560,469.5357599481935,427.2769995033741,351.6364498063922,355.1289336031006,39,0.015625,144.7473770491803,115.46203894166392,0.20232033702114136
584,431.6183567605907,386.2706942483783,302.67783533781767,309.37654833581024,36,0.015625,168.9011475409836,119.22708109940874,0.2941014147314868
590,382.7443747594952,349.4490052573383,299.06656313687563,301.5465759551383,15,0.015625,163.98868852459017,120.2234390273317,0.2668796847576219
563,477.3539224267007,429.1068248450756,355.7487577199936,359.6997126702387,54,0.015625,144.86786885245903,115.27240154082514,0.20429283281426225
580,487.8572750836612,425.9091466665268,328.0420284718275,336.0690699064049,28,0.015625,176.07655737704917,123.4010980731213,0.2991622512878247
589,439.33762315660687,391.799046471715,325.00626891851425,329.93795036313526,53,0.015625,159.68573770491807,120.68902157365629,0.24420913659379825
543,558.8416993804275,506.36946680024266,413.0955040454865,417.0568843604512,40,0.015625,135.3027868852459,110.33349812926502,0.18454378753601008
577,510.2977851033219,453.9342321455479,344.8854256421328,353.2287659694325,52,0.015625,163.61311475409838,117.54058040866994,0.2815943845007349
516,814.8209881782531,743.6365341767668,468.5435723513365,498.8304818730948,64,0.015625,122.09803278688526,103.87166696059346,0.14927649045832556
561,646.3332929834726,552.8902997262775,388.22963181883097,402.6975368679896,45,0.015625,150.53081967213117,114.08549034510384,0.24211207649309516
604,456.8190155737102,394.7151293978095,307.3747437447309,314.81888370580646,59,0.015625,178.2768852459016,124.3665954403,0.3023964084364714
617,416.906015537679,364.0371751971542,294.0193442627788,300.24278203972364,3,0.015625,255.41688524590165,151.91437852031802,0.40522969585952384
623,368.92348729074,327.1037694066763,287.2478850185871,289.35434427944176,44,0.015625,191.00524590163937,136.3805431780284,0.28598535325956786
624,388.46421591937536,343.97995192557573,287.24099323153496,291.19101668430835,12,0.015625,219.03983606557378,144.6386186646164,0.3396698004224399
602,436.8918004631994,400.3381550312042,333.840174600482,336.5561669938453,46,0.015625,160.6027868852459,126.12227304946231,0.21469436803995595
602,461.68309785425686,413.3195150643587,335.62668040394783,341.45845016306095,22,0.015625,172.43672131147542,129.58242377635517,0.24852187636826958
593,463.5305253043771,425.4713028669357,360.2801952511072,364.2177022587766,31,0.015625,157.0850819672131,124.13952913347377,0.20973062763920355
609,485.29094316065306,424.7086424380541,328.89318093657494,337.504635027432,29,0.015625,174.12295081967213,127.0881162570284,0.2701242676007407
624,434.852488860488,385.97491569817066,307.95058235526085,313.139174139496,20,0.015625,197.0016393442623,135.2459617887705,0.3134779881073636
633,396.374686062336,353.5965410992503,296.33929021656513,301.3487519179228,58,0.015625,246.36475409836066,153.77497404284426,0.3758239704148188
643,365.70395044982416,332.2340175509453,286.8218533694744,290.35650285876306,4,0.015625,251.29868852459012,156.29902747079072,0.3780348461488428
633,406.3966167718174,364.1007484868168,311.63119338452816,313.99589955927,38,0.015625,176.64114754098364,135.65127290615462,0.23205167768352897
635,423.4644604101779,372.2137629985807,299.2548942565918,305.9350222861486,5,0.015625,230.04622950819675,148.66038356775388,0.35378039498596964
646,389.5963983610271,349.5504492893815,296.3640093803406,300.38089146738434,60,0.015625,189.4962295081967,138.45484637791037,0.2693530275655354
643,409.5423763245345,362.4926581978798,300.1033831387758,305.8578460241974,19,0.015625,229.8186885245902,152.41514711956557,0.3368026416909196
653,378.1658072769642,335.4993894696236,292.4647871404886,296.0138363002424,35,0.015625,226.42655737704916,152.2263413473027,0.327701029814215
645,380.2261199802158,350.4393508657813,314.4651120528579,317.12584489537943,2,0.015625,310.1845901639344,168.26361440568797,0.4575371577396554
612,508.4811721742153,467.6895799115296,378.6440044641495,380.91665749588776,63,0.015625,157.84672131147542,131.16407544201311,0.16904149574833446
647,432.87260588258505,382.8850140795112,310.4464672505856,317.156361682444,42,0.015625,257.22475409836056,157.27087284561202,0.3885857782355077
661,377.07450136542326,338.8497617095709,293.636079877615,296.5831031734387,27,0.015625,234.68885245901635,156.24425630161912,0.3342493490230687
656,399.4037065468727,357.3107851669193,305.18462136387825,309.1285538819436,21,0.015625,205.00377049180324,148.3748905419612,0.2762333581181925
609,511.1523900739848,472.7324613370001,398.7010521814227,400.68742286382553,55,0.015625,154.82032786885244,128.15889168770713,0.172208885926983
594,614.4298936985431,539.9081479758023,432.4441626667976,440.8781550453367,47,0.015625,152.29540983606557,125.37662544904425,0.17675374731252466
652,430.60360308736495,378.61777283251286,326.1620122939348,330.61898636162647,41,0.015625,319.89065573770483,171.91440366026558,0.4625838530237431
660,394.6496982127426,356.6337328404188,319.7229392826557,321.9928576350088,49,0.015625,319.8344262295081,174.3891873934104,0.45475166807630807
668,387.2088087163863,341.5562571026385,307.09742847830057,309.50355605399136,34,0.015625,283.837868852459,171.17215363909784,0.3969368698717422
674,375.5173016339545,336.75911957398057,299.0581840276718,301.756808203868,11,0.015625,265.3588524590165,168.25838132721637,0.36592135605047077
671,386.5124830976128,348.16007986664766,313.47337923944,316.060846567841,10,0.015625,305.04672131147544,174.86096665923117,0.4267731647550308
672,405.3472006693482,367.37135704606766,315.10283797979355,317.1331958848996,61,0.015625,191.4472131147541,146.68065336154427,0.2338323918373082
662,430.5278299562636,386.02501824498165,335.14339197427034,337.81523731498817,37,0.015625,196.71442622950818,147.99625138492075,0.24765939020530994
672,447.5579961389303,391.0031389445065,321.98112085461617,328.48966438651416,51,0.015625,232.05000000000004,160.55990180825955,0.3080805782880434
651,484.8243265040216,434.74056199193,368.7409851700068,371.6819575972005,24,0.015625,172.41967213114756,137.66987670601915,0.20154194121594593
630,613.27911272645,523.3265275135636,407.0605374872685,417.11498393955503,62,0.015625,170.63065573770496,136.38598581660438,0.20069470971114245
628,537.0813693106173,491.9996656477451,416.9400036334992,420.0932952916988,32,0.015625,163.6749180327869,134.00448430493827,0.18127660660813733
645,540.9038349427283,485.2298210375011,384.60557255893946,390.1815391168723,23,0.015625,183.49573770491804,142.27386223952897,0.22464759117009314
598,642.1457827091218,593.6472271569073,494.7799136862159,497.052800878212,56,0.015625,145.51262295081966,125.51696362911544,0.13741529027665425
642,622.4415484070772,544.4988597184418,400.7336441427469,411.7013822687551,13,0.015625,214.75049180327872,148.71427741869837,0.30750204029834094
679,439.0171806141735,390.6454332172871,337.1585113927722,341.35322811608654,33,0.015625,333.5170491803279,179.4471332636656,0.4619551423092584
689,400.1175132580102,368.6418663710356,331.49671740829945,332.84821407950375,26,0.015625,304.2955737704918,180.80046693295463,0.40583931375446364
645,603.4544875472784,512.6368775963783,408.270888030529,413.0502356411433,48,0.015625,167.58950819672134,140.51500355530052,0.1615525036903861
683,470.8099707588551,418.75041667372,345.84878757596016,352.34377721943144,50,0.015625,281.40114754098363,175.20149876478908,0.37739593354262174
686,407.213127836585,378.9862550795078,341.25837683677673,343.2645188867044,25,0.015625,340.08459016393437,182.48545817826178,0.4634115644866576
704,402.4125376343725,365.4549293220043,319.98359970748425,323.26081693184784,43,0.015625,254.83147540983603,175.73837423655027,0.310374144505043
704,412.1491061896086,374.1594351828097,326.081408187747,328.49197290138034,14,0.015625,240.99442622950824,173.08149051493933,0.28180293120095984
691,463.6006807908416,417.72475093603134,343.54531206190586,349.1869007526131,8,0.015625,233.3850819672131,167.28814898359448,0.2832097597090811
698,401.968042254448,379.3175242841244,345.5744553357363,346.8752095503868,9,0.015625,356.25426229508196,187.4640949668661,0.4737912923225845
706,413.5033745318653,382.1462541818619,336.52363531291485,338.0834388024946,30,0.015625,218.85311475409836,168.30398477819563,0.23097286064536635
708,421.0160025209193,384.3532876111567,333.99378042668104,338.3105727018784,6,0.015625,259.27295081967213,177.65463558542567,0.31479687709888843
670,523.5705981403592,480.9983214363456,406.8026002496481,408.92931252968094,55,0.015625,178.81081967213115,149.62288734778252,0.16323359166893722
675,602.287767212838,522.9106364771725,389.8754576221109,401.3576521784588,8,0.015625,224.7186885245901,161.48424377315683,0.2813937958013393
673,523.4327234327792,482.2176858782768,402.2914916276932,406.9025758366929,39,0.015625,183.35819672131146,149.7855114826284,0.18309890607023485
681,551.7406736686826,484.43305091932416,395.7069348543882,402.01161595957865,23,0.015625,192.91540983606558,152.04081306992296,0.21187833984271537
687,554.5540100336075,496.9947984442115,384.0300505980849,392.733424119516,7,0.015625,239.63459016393446,168.63925198258906,0.2962649846701069
701,483.7103095091879,436.8421784602106,368.8439410179853,373.684816073556,11,0.015625,285.70491803278685,183.3549231845066,0.35823672743545426
720,423.2906535267826,388.2537316530943,342.6673412322998,345.14197288142435,20,0.015625,264.20377049180325,184.0705325088273,0.30330088716679393
718,436.0405476763844,403.62739842385054,350.40956642478704,352.9301571218705,27,0.015625,274.57245901639345,185.5965211445144,0.3240526678845335
713,435.0880855694413,407.9285740852356,364.27265778183937,366.3487861895608,17,0.015625,365.47475409836056,195.79898444055408,0.46426125951271996
720,437.6866280287504,400.7639950141311,354.13622483611107,356.7712393815699,49,0.015625,337.1680327868852,193.20826784148144,0.4269674196438333
713,537.6661296933873,433.9052502065896,364.9019654840231,370.4079741886561,62,0.015625,207.1932786885246,166.3981616507836,0.19689401748919005
718,473.6032516695559,429.1910328902304,362.4649113044143,367.0873746729157,43,0.015625,262.93803278688523,180.79852411636617,0.3123911280537123
721,458.5427847877143,426.7940044403076,370.356216095388,372.62404074746,5,0.015625,277.20655737704914,185.64822406085685,0.33028920449258
725,471.6503623872994,423.7000236287713,365.67461397498846,368.6329838265112,38,0.015625,222.92000000000002,175.22878462610765,0.2139387016593054
703,524.5571117848157,479.3515119701624,401.7798826098442,404.51666560604286,46,0.015625,204.41803278688525,163.15995401549617,0.20183189422629086
719,449.2227819561959,421.3734548538922,376.4165844768286,378.52508109595095,1,0.015625,374.67131147540977,197.91662734783117,0.47175932267549464
735,442.4620328098536,405.2223043516278,356.0415469110012,358.67765817104976,28,0.015625,263.5095081967213,187.78414018733827,0.28737243117941214
733,442.2375439479941,408.9315427467227,366.604944691062,368.9932629373404,34,0.015625,317.4745901639344,194.67074013256502,0.3868147367887211
739,435.73944719508296,404.98189525678754,358.40074717998505,360.11232295394194,44,0.015625,259.0349180327869,187.52207840371034,0.27607412997511377
735,478.15891005098814,429.92736864835024,368.1021686643362,372.7658566389658,37,0.015625,241.6849180327869,182.9606912390197,0.2429784500901322
737,471.6366598755122,428.2225674949586,376.2123510241509,379.3064015963544,57,0.015625,337.4560655737705,198.4801476984,0.41183410835740125
735,462.071674913168,427.3670557886362,375.5267560482025,378.0413023552577,53,0.015625,239.423606557377,184.0674060707716,0.23120610904898178
684,598.8773625344039,557.6895028352736,471.39351442456245,474.6130297711884,56,0.015625,174.90147540983605,150.50398760044916,0.13949275014529025
739,456.9219269789759,424.3244891986251,380.4788691923022,382.6262629051384,25,0.015625,355.79590163934427,199.78557860803392,0.43848263094792933
743,463.6882683262229,422.5136786699295,373.9762138575316,376.70837741629856,6,0.015625,274.70016393442626,192.16759091843062,0.30044602753020927
696,593.9354116469624,551.4472231268883,472.0816109329462,472.1239265628951,64,0.015625,182.00081967213117,158.72476508574042,0.12788983383878078
710,623.3696834743023,553.3342322334647,430.79228699207306,440.0079371391065,15,0.015625,232.54344262295083,175.00926837475245,0.2474125849314319
733,544.7547926567493,489.02559634298086,401.0753994807601,408.6451876926215,13,0.015625,270.1791803278689,189.93601177151749,0.2969998223363266
734,524.9606016464526,478.9747790433466,406.6076772287488,409.6779709100648,54,0.015625,221.5522950819672,179.70501811226669,0.18888216416001638
737,533.8710017129781,483.8827311992645,403.0507523566485,408.6447266900153,45,0.015625,239.52016393442628,186.4896403384317,0.22140317009182073
742,528.8358537852765,473.3975868672132,393.8193432986736,399.9854773161512,21,0.015625,260.48459016393446,191.12411306344268,0.26627478061884646
751,493.8886162452393,452.75033973157406,392.7410868927837,396.4113039929256,35,0.015625,294.69459016393444,198.8667571572732,0.3251767633513515
754,476.46892245858913,431.82368613779545,386.91501319408417,389.3916941696324,58,0.015625,317.1490163934426,202.22081634466014,0.36237917858211816
759,451.7843744903803,424.3800431489944,379.0415935218334,380.40795564134174,12,0.015625,299.4518032786885,199.90854882668032,0.3324182835505152
759,483.0105859786274,444.3590259179473,389.1628868877888,392.4246547570661,52,0.015625,266.4480327868852,195.44901759916064,0.26646477530765694
758,460.85671149194246,433.1137458793819,389.3347214907408,391.08920744572816,26,0.015625,338.33459016393437,204.5143044596432,0.3955264687522809
739,542.349910438061,499.3700608611107,433.0941084772349,433.7056046880711,24,0.015625,223.624262295082,182.06183361291784,0.18585831544218
750,540.9247902221973,488.9517016708851,411.35972272604704,416.91653572620703,14,0.015625,267.8096721311475,194.74632432134317,0.2728181817646411
759,516.3161659054458,471.63498913869256,402.9266377910972,407.4762063806308,4,0.015625,305.0119672131147,201.92813060023605,0.3379665314602329
765,494.11268208175903,454.54002525657415,396.5826518833637,399.8577734756664,59,0.015625,282.1659016393442,201.13888612759783,0.2871609044217987
766,469.0906182304027,442.6063229329884,398.2862466946244,399.7616596731567,2,0.015625,360.68344262295074,210.57665353910545,0.41617321824435144
762,493.5135876759888,463.5538402944803,410.828510299325,411.0849995885083,31,0.015625,240.15180327868856,192.52745977017767,0.19830933125763103
721,641.5383621677756,582.0913039147854,484.52100344002247,490.1973845475543,32,0.015625,206.80311475409837,171.669628234288,0.16988857523536935
741,675.3506061993543,596.2719680741429,444.93108708411455,459.204857576083,60,0.015625,251.44426229508198,188.44111914629832,0.2505650460015128
770,508.214316572994,465.0998342782259,409.8093593493104,412.9915146329441,50,0.015625,326.657868852459,207.92179031383884,0.3634875809229303
751,548.3291397988794,505.4486406967044,437.78214417397976,440.3267639038978,47,0.015625,224.30163934426227,186.7371566594459,0.16747306348109972
748,587.8874581307174,538.5926673188806,449.6855977922678,452.7315567385471,30,0.015625,244.8032786885246,189.91398467671314,0.2242179692439898
774,488.7280123680829,458.7519774213433,412.681307643652,414.2814035513786,9,0.015625,374.85836065573767,216.4347160619175,0.42262267891448535
753,570.8632325194776,532.1908783167601,454.1416484862566,457.9576974169909,40,0.015625,218.9855737704918,183.9488305032918,0.15999566849969915
715,662.6681013777851,617.2340178862214,523.665682412684,528.2453175782839,63,0.015625,196.75967213114757,168.64097427759557,0.14290884686375085
775,527.607584558427,476.54816415160894,417.9476574063301,420.8599830221842,33,0.015625,357.357213114754,212.17513716028247,0.4062659731674449
779,510.33804509788735,472.80509723350406,417.2051586210728,419.4495671002319,36,0.015625,284.59622950819676,206.82855722068857,0.2732561581082661
784,496.8108814954753,465.10066762566566,417.387330904603,419.0746957269101,10,0.015625,362.7078688524589,219.09028460010165,0.39595938380586254
745,620.0618514418602,570.8379372954367,483.8103223592043,488.0624319148814,48,0.015625,212.4590163934426,182.21059717280323,0.14237296083788592
780,561.1077592149375,510.0326811894774,428.9401350542903,435.2128729370904,3,0.015625,329.39426229508194,211.2410818103,0.35869835637554776
787,507.1076082438231,475.4526343196631,419.4994140416384,421.5363370856681,41,0.015625,354.337868852459,218.29241781890929,0.3839427365585839
786,502.5129406899216,471.3059410452842,422.7574300020933,424.6495042457661,22,0.015625,271.0139344262295,206.38724177147108,0.23846261924347636
792,498.9799864403904,468.4782867319882,419.08207535743713,420.8673411128293,42,0.015625,341.4762295081967,216.98763972879783,0.36456004553725657
794,497.7051675319672,471.2535017170012,421.05819564312696,421.84482290526097,19,0.015625,323.0137704918033,216.08171430940163,0.331044883998576
798,491.0505108907819,464.4257824867964,417.6648361608386,419.6208651234583,18,0.015625,354.37754098360654,221.0622462039388,0.3761956652490991
794,509.15690314024704,478.51725202053785,426.7080556601286,428.77235792774377,29,0.015625,281.7104918032786,210.76567757196335,0.251835896409768
794,571.2139071524143,504.3852204456925,433.2394395023584,438.062467192308,51,0.015625,305.1527868852459,213.5200689089049,0.30028471609797197
790,562.5300090759993,522.1655745059252,447.1127558499575,452.2475502190044,16,0.015625,264.6534426229508,206.47464827540222,0.21983010600937228
786,598.8632284849882,538.4344510734081,452.7973588556051,458.3276340381768,61,0.015625,262.88327868852457,205.41831955560713,0.2185949575020494
794,556.4897155575457,514.3542842008173,442.9288888350129,446.345145950949,19,0.015625,320.96573770491807,215.50342453630603,0.3285781028303074
795,530.5488510057331,499.3205328471959,446.38049043715,447.7824925222263,45,0.015625,270.8480327868852,209.86240793429346,0.22516547092877665
796,567.1561426110568,518.524565640837,446.3602174073458,450.14404120047294,13,0.015625,304.8363934426229,216.2668301722541,0.290547864938704
794,539.4787862896919,509.9955517798662,455.5086717009544,457.488100325872,23,0.015625,259.86278688524595,206.74589482867705,0.2044036112028039
791,600.1622632145877,547.511076554656,460.0204089656472,465.1188933628869,36,0.015625,292.7762295081968,212.90519843536723,0.27280572335737885
808,529.4898454658686,493.3362880721689,436.87467090785503,438.83159450344505,10,0.015625,369.46950819672134,227.9276544625202,0.383094817282833
808,531.8003089167177,499.7687735594809,444.53069008886814,446.6499461295241,52,0.015625,294.70491803278696,218.7583388441153,0.2577038065588792
786,565.9049976244569,535.6647150591016,479.9206126481295,481.3824321552368,61,0.015625,268.59475409836057,209.61914336932625,0.21957097012936147
800,602.2887768596412,544.0155014395714,460.7287291437388,466.263833362584,27,0.015625,321.32295081967214,219.7517869997186,0.3161030469838917
815,514.9545016139745,489.2269235104322,442.11952947080135,443.7251140470812,42,0.015625,346.6863934426229,226.14353316936774,0.3477000036726425
815,543.900757394731,506.7142168059944,449.85355623066425,452.510551086383,5,0.015625,314.7542622950819,222.3606185140197,0.29354215287621177
821,521.301438957453,487.5402569770813,440.24162739515305,442.0087304403462,33,0.015625,362.7191803278688,230.47817480297434,0.3645823344807939
824,520.2740199863911,489.1274543479085,441.7119845747948,443.44630055469145,18,0.015625,362.4950819672131,231.78290646340653,0.3605902038572462
823,527.6750301942227,496.04968586936593,438.92728351056576,441.2255518480204,51,0.015625,319.7091803278688,223.79798968061314,0.2999951097710007
806,626.4254758320749,548.3188636600971,471.8767795711756,476.1903284408012,38,0.015625,265.0940983606558,211.35930752538195,0.20270081894531128
816,606.8719699978828,534.398450050503,456.0650857165456,460.6148098520594,50,0.015625,345.0099999999999,226.6678830280847,0.34301068656536104
811,579.5819165371358,537.4538077972829,471.8645242974162,475.8070940647162,53,0.015625,280.03901639344264,217.2431742646213,0.22423961824160926
807,636.4366288483143,570.889451354742,485.99133267998695,490.6921578147159,30,0.015625,275.2527868852459,215.7876911063333,0.2160381242704868
814,627.2657132148743,552.5813356041908,473.6983757466078,479.4908697242923,43,0.015625,320.9596721311475,224.31112087984155,0.3011236602080474
818,568.8428369164463,527.8162719681859,470.7513162866235,473.2707755071742,21,0.015625,300.417868852459,222.5169761180792,0.2593084526960625
781,740.6527089700104,628.4168495796621,533.4309320896864,540.4144318378031,40,0.015625,234.80737704918033,198.86175413594697,0.1530855774846655
752,832.3509600013531,716.6650802828372,591.7402673512697,602.4773380778661,63,0.015625,215.2149180327869,183.00711954826448,0.14965411681924262
824,588.4363565035164,532.5094128027558,467.26845670491457,471.1126787828279,25,0.015625,369.17508196721315,233.1425847159578,0.3684769202904559
817,569.7614759951831,540.4277846217155,485.7075549662113,487.24172610203146,15,0.015625,286.5629508196721,220.1476888241448,0.23176499894894292
825,597.3348919674754,551.8077483400701,474.3444584310055,479.5140092305816,20,0.015625,319.7355737704918,226.29436276771528,0.29224527599750033
837,551.5876707434653,514.6002844907343,459.8140483722091,461.8852751826528,3,0.015625,353.37327868852464,234.2446897192186,0.33711827167981784
804,615.3991030901672,580.8598183095455,519.398545846343,519.2262122108473,32,0.015625,249.62196721311474,209.31942900986505,0.16145429287816407
834,691.3042073696851,579.9567576497793,470.10262310504913,481.1493394522074,58,0.015625,342.9593442622951,230.5715816532027,0.3276999577044277
834,604.1124309785663,541.9283398427068,479.1785590350628,482.6333441921458,28,0.015625,319.8857377049181,229.47492582902296,0.28263470739447444
816,605.0853559374809,570.781147107482,510.66000759601593,512.2844878593808,62,0.015625,264.4577049180328,216.21107920436233,0.18243607509421678
816,683.4650713950396,609.8039941862226,505.71101903915405,514.7906989492851,37,0.015625,286.97016393442624,220.60900537613935,0.23124758911679286
831,613.0853386968374,566.9768924824893,485.9773265197873,490.4927140338916,12,0.015625,337.2318032786885,232.57540747451966,0.31033963815589705
823,619.5334265008568,583.4658690728247,512.7916196361184,515.826175153326,16,0.015625,280.0954098360656,222.0965579769301,0.2070681982724426
817,652.8944417461753,602.3631330579519,518.2352811098099,522.9486393713995,7,0.015625,290.56721311475405,222.69900413348907,0.23357146270478119
816,644.0744829550381,604.2479500174522,531.9807734340429,534.4360795046364,8,0.015625,279.9706557377049,221.22302289374755,0.20983496534363946
822,650.6545320153236,602.7133241295815,520.17991989851,524.4429173448607,22,0.015625,291.97213114754095,224.41515485489785,0.2313815912057197
842,612.2867476195097,565.879924595356,494.0880853682757,498.0218136402968,35,0.015625,338.85983606557375,235.54158326644642,0.3048996717897659
853,568.6247206106782,538.9643466100097,480.54882045835257,482.6628300382051,9,0.015625,378.9054098360655,247.41223281315413,0.34703430885244485
813,706.1600713059307,641.5916064754128,544.2801211029291,550.4421471180456,55,0.015625,251.46524590163935,213.21412024450765,0.152112970999156
848,609.7526803612712,558.93256329,491.1894332617521,494.4571633241242,49,0.015625,356.4837704918033,240.38702957890817,0.32567188333070146
855,566.1358622834086,538.4824965149164,485.5393413454294,486.75137258651193,1,0.015625,379.02999999999986,248.6157260912831,0.34407375117725986
833,631.8229214102031,587.3572260141373,523.0413414537907,524.8676086299826,54,0.015625,274.98540983606557,225.04955844553606,0.18159454867186992
780,845.2008362486959,763.075858913362,612.1018119156361,625.0112615238326,48,0.015625,227.33524590163935,196.57542286806506,0.1353060011067667
817,753.1391047313812,685.5740088038146,558.5802840068936,567.4802592978915,14,0.015625,299.23786885245903,223.3455819513874,0.253618591764837
854,632.3845808953048,576.3395428657532,500.316197052598,504.8430587936544,57,0.015625,351.70180327868854,241.02110597254426,0.31470039753660545
862,574.5316439121962,545.1791070401669,491.05473421514034,492.64766478381017,17,0.015625,378.99885245901635,251.05757863016444,0.33757694251247644
868,569.1703048348427,540.5314199626445,486.8362490087748,488.5692862330224,34,0.015625,367.7121311475409,250.23766036842403,0.31947401466605785
869,583.541233483702,552.8880005702376,492.3027753829956,494.07950126531097,11,0.015625,362.68344262295074,249.69102121140548,0.31154557427374285
767,867.5269596464932,816.3205091841517,669.2152246832848,669.1745330676708,64,0.015625,215.55262295081968,188.9691990409148,0.12332684031393182
859,614.7470037825407,576.6151350922881,510.38443949073553,512.9622534196246,2,0.015625,376.8213114754098,248.92163868900602,0.3394173017593516
836,647.9821198061109,615.2208292856812,552.5119677186012,554.1116491081129,24,0.015625,273.21393442622946,225.10249917390107,0.176094368515157
856,645.6837165728211,596.7153212986887,519.0026108175516,523.6164053982432,4,0.015625,346.3195081967212,243.32066171504485,0.2974098889721497
778,844.9543285369872,784.5772657543421,660.6971025466919,664.0811231451333,56,0.015625,226.17065573770492,196.73771024782351,0.1301360045753037
794,899.1144197434187,815.6476661562918,619.8558248579502,639.5999633944111,31,0.015625,252.91081967213114,208.17403267412956,0.17688759641045612
833,818.7336272373797,705.4946369491515,565.7425103709102,577.1526745549766,29,0.015625,302.97065573770493,229.11667927114536,0.24376610430053736
866,691.7644990235566,599.8464267700905,515.7842952758074,521.7596471721482,41,0.015625,364.61672131147543,250.33662649381313,0.3134252713551171
857,638.7974277138709,601.3300325721502,535.7064176350832,537.598249760672,6,0.015625,317.2714754098361,240.6127557949798,0.241618694261223
838,690.1801297441125,647.744692210108,569.0008588135242,572.3005327411338,46,0.015625,284.9513114754098,231.2074079617885,0.18860732114320936
824,811.7453270219268,704.5944082550698,598.5818989574909,606.5551693559138,39,0.015625,269.2388524590164,223.05949409914754,0.17151818148867762
808,998.2452738285068,892.099778726697,598.9261213690042,630.4682409802818,47,0.015625,253.1872131147541,212.96200291087212,0.15887536226266835
835,898.1711724400518,752.1151753142468,568.4415809810162,587.4161821044258,44,0.015625,315.06163934426235,232.90550581881476,0.26076209625659
874,633.2358052767811,592.04032253474,526.2643871828914,528.9563470551471,26,0.015625,374.4806557377049,257.9093741475164,0.3112878590765921
877,629.7224642150104,595.0993039645255,532.4746817350388,533.8702714176852,59,0.015625,340.42655737704916,251.24630694396228,0.2619661965277073
865,844.5375669375062,681.6232748329638,540.9981533885002,553.4813162777582,60,0.015625,325.97852459016394,245.56993225978633,0.24666837311283377
879,694.2681623622775,598.7081749364733,525.7706018164754,531.5729073548708,42,0.015625,365.8824590163934,257.6331815482864,0.29585806807769616
885,634.9727593362331,590.6994963996112,528.1506404280663,530.527451548022,35,0.015625,358.3781967213114,257.98039565304373,0.28014483578179517
882,670.233286768198,598.477702960372,529.9871135503054,534.0551725202665,43,0.015625,353.4421311475409,255.81091776106064,0.2762296986765426
882,713.7429396063095,620.9137707948684,528.8527756929398,535.7644716424476,58,0.015625,355.90377049180324,256.1353785818989,0.28032406560919554
887,632.1175582148131,594.4424551911652,532.2442697361112,533.4452058545097,19,0.015625,363.945737704918,259.7582692082617,0.28627198426247263
891,624.6014593169097,587.8793289884925,529.0185948833823,531.3810418388102,10,0.015625,378.19393442622936,263.8839543604858,0.30225228291714157
886,629.0419261902571,594.4422785192728,535.057295113802,536.8740518748142,13,0.015625,343.80704918032785,254.9354713819251,0.2584925992945227
891,628.0990972369907,594.3567913025616,532.8957941383123,534.9191304214388,2,0.015625,378.4726229508195,264.2418608093369,0.3018204097587431
894,622.5166771560909,588.6831991374493,530.2926767617464,531.9597431848185,34,0.015625,371.0732786885245,262.910173759853,0.2914871836391717
894,623.5776219889522,593.2994181290269,537.0478294789791,538.9594943523105,12,0.015625,361.0668852459016,261.6776437101716,0.27526545799967717
895,641.142262220383,600.6080872379242,536.5572264418006,539.0254458220545,28,0.015625,354.2981967213114,259.7140870444175,0.2669618715313223
889,647.1938975155354,613.5227397084236,550.7633462548256,552.538984541366,52,0.015625,336.9216393442623,253.4303082623202,0.24780637789973384
899,619.3581456691027,591.0787552595139,538.368945941329,539.9706422233335,11,0.015625,367.85295081967206,263.07509145727596,0.2848362616880571
875,751.1393097229303,668.7459519132972,572.1677988767624,579.025175669039,61,0.015625,313.1724590163934,245.84027774744484,0.21500032755250673
898,669.4776185974479,613.1423071026802,545.0129602104425,548.7288620970792,27,0.015625,360.1939344262294,260.88855263325354,0.27569976143869357
885,688.8697232306006,633.1524603068829,566.9403169304132,569.711118022693,22,0.015625,321.1432786885246,249.72424102670053,0.22238994991108965
880,699.2699036560954,655.6575523689389,576.4814242720604,580.1628572626264,14,0.015625,324.92918032786883,249.47458987954428,0.23221857258922488
891,694.0479269996285,640.4720673337579,564.1221543774009,566.7872583870281,57,0.015625,357.5696721311475,261.0076918862863,0.27005081183016194
886,805.7462738454338,696.9576273113488,566.7633451521397,578.0759834665132,60,0.015625,332.39147540983606,253.63033289128194,0.23695295561187982
899,675.2238038927317,629.1436688043177,560.1427359506488,563.0973519910386,20,0.015625,358.6345901639343,262.85138749082023,0.26707742448750116
908,649.7447969950736,618.8355586491525,555.5136976763606,557.0498560292458,18,0.015625,376.82819672131143,270.64246828951366,0.2817881712560085
813,920.2379039861262,865.6789569184184,718.2759242132306,722.1239947128065,56,0.015625,244.24491803278684,212.9646893470683,0.12806910758945483
699,1370.5630131065843,1098.377862945199,967.167692258954,969.7336298162838,64,0.015625,185.6634426229508,162.43680630186608,0.1251007521618236
897,707.8493328765034,657.2099626995623,572.2087128087878,575.7533030781656,1,0.015625,379.02999999999986,265.5499607131148,0.2993959298390236
846,859.5999352633953,788.1312511861324,659.9391121417284,667.4692178964741,47,0.015625,277.49819672131144,232.6919778483792,0.16146490104197206
884,764.7194165550177,697.8520180098711,599.4671834632754,606.1270323360992,21,0.015625,337.2329508196721,253.37705859751694,0.2486586557403024
803,935.4715863242744,881.2499354593456,756.2010018154979,755.5338816033873,63,0.015625,245.9696721311475,209.56714705885352,0.14799598973683498
843,864.6965458802879,796.4506101794541,679.5102404430509,685.1477076801134,8,0.015625,287.8754098360655,233.57421277109782,0.188627424259301
845,857.8424314036964,791.054199449718,676.6232829540968,681.796858883714,31,0.015625,285.65918032786885,234.28003689931035,0.17986169171803776
874,880.1966812834144,772.7709829807281,620.4656912013888,633.9532268042974,37,0.015625,322.27065573770494,249.1986371135218,0.22674114854458302
904,741.5383972972629,667.972325347364,584.58611369133,589.9293990532584,49,0.015625,363.5896721311475,267.7959494853115,0.2634665668151405
906,821.1175983399153,697.3425820469855,579.9107048660517,589.7429574016112,36,0.015625,352.757213114754,266.2732538781054,0.2451656720865262
877,782.007315158844,724.4669944047928,636.8088349699974,641.0648452672885,46,0.015625,302.2526229508197,245.6494397310503,0.1872711067555548
911,687.6257609575989,645.6506266258657,577.4865606799722,580.5215432154114,3,0.015625,371.5960655737704,271.8518994892076,0.26842094232227887
916,676.9355299137535,644.4643053226173,581.9385685026646,583.6946207729188,9,0.015625,379.02999999999986,275.6426887336066,0.2727681483428576
870,847.7890037000179,773.9059701561928,652.7722086757421,660.8465802641497,54,0.015625,296.38622950819666,242.8147828116251,0.1807487709043177
891,776.4620771631597,720.0754936784506,629.1877618059516,633.3050223885539,6,0.015625,335.77213114754096,260.150654825641,0.22521665530565207
893,743.9456574246287,706.055523827672,630.096735432744,632.183769058544,7,0.015625,318.0716393442623,255.41785369513497,0.19698010730631188
866,877.9430237971246,796.7939672991633,664.776879362762,675.0195874200474,62,0.015625,291.2963934426229,238.74178644576395,0.18041626391509277
909,734.2228869721291,682.8766472637653,603.193549439311,607.4781654036457,4,0.015625,362.7590163934425,270.5747652713213,0.25411980669321155
918,738.3994180709124,673.1892945244908,595.71045730263,599.3863692179287,51,0.015625,358.91524590163925,272.5970126423667,0.2404975387502154
902,836.981758698821,737.9520431160927,620.3163862228394,629.0692304922131,53,0.015625,335.3119672131147,261.9658786113136,0.2187398475855305
885,859.8287029378117,768.8110275194048,653.0731366947293,661.397981013942,23,0.015625,309.6391803278689,250.95247306443605,0.1895325623885551
915,746.0561633110046,690.449532866478,607.8250203281641,611.9601828675061,44,0.015625,352.13786885245895,268.0165787217613,0.23888737216713085
873,907.2321950271722,800.7376899942756,685.5708109214902,690.8861456414596,24,0.015625,292.98409836065576,243.58499335785797,0.16860677859038203
802,1087.3882891982794,1004.0951803326604,816.1381799727678,825.5216945531938,55,0.015625,250.47311475409836,212.19691733370982,0.15281559243580353
907,906.5220747888088,811.3653682172298,615.661283954978,638.4030729278504,50,0.015625,362.1444262295081,267.4167625694355,0.2615742692669228
847,948.0497844517232,878.0389919877051,738.6535555124283,744.9888514074399,40,0.015625,271.1439344262295,231.4094930178885,0.1465437222205375
829,949.7265931218866,892.7608653903008,778.211697936058,782.0268662552172,39,0.015625,269.36934426229504,225.077380341912,0.16442837636807806
870,1082.2922479361291,931.7003775388002,680.343259125948,706.7382861789239,30,0.015625,312.16639344262296,247.39513858730328,0.20748951910233354
918,811.1827342212199,720.9431426599622,626.0001920163631,632.0693078953616,26,0.015625,377.6919672131147,277.3216123922874,0.26574659652264404
928,713.0309987440705,679.0696024894713,613.5161453858018,615.1314152228363,33,0.015625,375.0447540983606,280.83074054007267,0.2512073893282054
910,785.0170641392467,718.1783549487591,640.743175521493,643.740190018105,38,0.015625,330.1818032786885,264.055181251594,0.20027336870312215
911,981.3217446208,831.5101824700832,632.6132453978062,652.9512945756353,59,0.015625,347.9913114754099,265.8914286536967,0.23592509385831198
867,1013.8418899849056,930.0019094720484,705.7803552597761,730.1012998181077,32,0.015625,281.9744262295082,237.45909145366446,0.1578701138649051
914,847.4380698800079,759.425427019596,644.772607833147,651.8798979315383,5,0.015625,352.09622950819664,266.98655439831094,0.24172276774666338
933,738.6702622659503,695.5793049186468,625.4944764077663,627.3418011640221,41,0.015625,371.93590163934425,281.8817980324774,0.24212264320261773
935,767.5546001642944,701.146250590682,623.6978266388178,627.1109897496934,25,0.015625,377.79967213114753,283.63368631741423,0.2492484582703528
919,818.4226949512951,732.0390079170463,648.9251740276814,653.3266065032208,45,0.015625,341.61983606557374,270.1203944444721,0.209295345506159
902,837.7156425267458,770.990950986743,680.1607832312584,684.1279549611179,15,0.015625,320.0073770491803,257.63231354463994,0.19491757996239653
886,829.720264580101,791.8988675810397,711.5967459976673,712.686681439603,16,0.015625,301.107868852459,248.02677361797598,0.17628597829999726
908,865.5462690070271,791.8677249923348,673.1395358219743,679.1925976696521,29,0.015625,343.79508196721304,265.25751114081856,0.22844297357890775
825,1054.1395782679317,989.2785917967558,836.0121622681618,835.1417261463994,48,0.015625,253.6034426229508,218.0861229338257,0.14005062124464568
930,811.010575294495,736.484854016453,644.403850659728,649.8230178149879,17,0.015625,379.02999999999986,281.9446857786885,0.2561415038949724
939,748.3287203498184,709.5864091999828,639.1945229843259,640.5614568946047,21,0.015625,360.397868852459,280.2072834510743,0.22250571474442707
942,738.092708773911,704.647115431726,634.0539157390594,635.9075991332681,17,0.015625,379.02999999999986,285.6775086931256,0.24629314647092387
944,746.0966954566538,708.5525806061924,636.0185286030173,637.8926930100412,3,0.015625,375.56918032786865,286.0363091616803,0.23839248760515147
903,841.6436492651701,801.3462644070387,711.1141141504049,712.8126203021124,24,0.015625,304.7172131147541,254.14988646579565,0.16594837597807507
811,1074.3007365614176,1014.4287832081318,890.0739476084709,889.900651221482,48,0.015625,246.51311475409835,212.387385136712,0.13843372857232134
925,1003.8585488498194,850.1255337148901,659.6298199146986,680.9653061110021,33,0.015625,374.2091803278688,279.18359617670654,0.25393707355844186
931,798.8621213287116,750.1123962923884,665.2156449854374,668.7236270504518,22,0.015625,344.06590163934425,272.5521109754678,0.20784910775273047
939,769.2234037443994,729.7433847561479,657.8518906608224,659.9018090072493,44,0.015625,361.48032786885244,283.0027010301268,0.21710068512275413
947,748.1490777805449,713.7983771972358,646.9497689977288,648.806088706068,41,0.015625,372.47081967213114,286.69380301064587,0.23029191048305697
947,912.771073281765,759.8294988274574,650.1374319195747,659.3006423997028,35,0.015625,372.7896721311476,286.8122620084126,0.23063248944431092
939,807.3538724333049,758.2635609433055,667.7174959331751,671.7046477362582,57,0.015625,363.33803278688526,281.0514502574956,0.22647390337376153
945,813.2751812040805,751.3370960950851,656.7303631454706,662.0938734979184,25,0.015625,378.2201639344262,288.0355790318847,0.23844467720704918
798,1211.31333546713,1140.1141609065237,949.9775236472487,945.769807068596,64,0.015625,240.04852459016396,208.92194460142298,0.1296678662861334
932,990.0582898408176,872.8462774306533,670.9659658372402,692.7042039779399,34,0.015625,374.86885245901635,280.71570470128637,0.25116289907821443
946,795.0922406464816,751.4657771214843,666.668388992548,669.1499758504834,2,0.015625,379.02999999999986,289.450321914165,0.2363392820775002
950,773.9583029597995,737.1304892003536,665.4428318142891,667.4212945690845,19,0.015625,375.7303278688524,290.00538970685903,0.22815549292554152
950,780.1436886191368,742.3521924763918,668.7581297010183,670.0328578528428,4,0.015625,369.53836065573756,288.2094142821968,0.22008255443149222
952,820.0894609838725,753.5950293764472,668.7823543325067,672.5213582194384,42,0.015625,373.49114754098366,289.86642266627325,0.22390015245417338
949,823.9439859054983,766.0991906188428,673.714934848249,679.089460010054,49,0.015625,369.4136065573771,287.1345265286732,0.22272888320350584
950,878.3841613307593,784.7033698111773,673.1082517653704,681.1464983601384,18,0.015625,378.2045901639343,289.7501696762322,0.23387981740084432
933,846.5899900719523,799.0135573782027,701.8792042508721,705.962299973879,60,0.015625,349.8216393442623,274.93133108673607,0.21408140559259703
934,1078.9919744804502,936.4441348239776,694.0570902079344,714.0689778016133,59,0.015625,356.910819672131,277.1207813248082,0.2235573536846553
835,1146.1493387073278,1083.4558524191375,899.4469549506903,898.8020978902932,55,0.015625,268.97721311475414,226.9847599292073,0.15611899870355012
905,1196.545345745981,1091.1322355270383,727.0958460867405,771.7473700363636,52,0.015625,341.56836065573765,262.5676006958279,0.23128828386869713
951,860.0888700038192,787.8089506179094,686.3855291157961,692.3322190817529,20,0.015625,370.0227868852458,288.9994117296754,0.21896860957565292
953,825.2767231315374,779.1849602945149,694.834865629673,697.5914557930911,29,0.015625,360.56885245901634,287.4040506318738,0.2029149254800336
955,806.0488671623172,766.1703345365822,689.1700522974133,691.0957472508433,1,0.015625,379.02999999999986,292.41384034580346,0.22852059112523132
956,843.9180978387592,773.5018147155641,686.4664517343044,691.0283948358096,43,0.015625,371.03098360655736,290.6443958842856,0.21665734473408294
867,1183.8613357394934,999.0410521626472,841.4148222655058,849.3009444110079,40,0.015625,279.31311475409836,237.31338911940932,0.15036789687324476
830,1143.2275735028088,1071.6370231471956,933.2917146384716,938.6129367132226,46,0.015625,277.18836065573765,226.2733332577344,0.18368385771161105
883,1141.5153819322588,1048.747018072754,803.4993605688214,830.7179123587366,8,0.015625,298.6813114754098,248.41710358779346,0.16828708712749363
942,886.3122010976075,823.293662071228,723.6038278788328,728.341330424099,26,0.015625,377.8450819672131,287.72829686591433,0.23850194008643605
950,839.5854000002147,803.2973185181618,721.317732706666,722.8976745735955,13,0.015625,362.51786885245895,287.3004147777235,0.2074861973365185
901,1079.1441974043853,924.7660208493472,800.5706761032343,806.9265603997284,39,0.015625,309.49557377049183,257.14671717221154,0.16914250488473828
779,1315.4591692611575,1237.0825903490186,1071.4802239090204,1064.856441112767,56,0.015625,228.58147540983606,198.14669234613555,0.13314632346795532
890,1324.1457363590596,1153.596694115549,789.0873681753874,830.2599767306488,28,0.015625,340.7273770491803,260.1553266879011,0.23647072641788186
947,911.0037944838408,828.9076725021005,728.0512321740389,733.656095180549,14,0.015625,351.65262295081965,281.99581674760856,0.19808413660816895
939,891.599630527198,840.9299856983125,753.2595805823803,756.4893689089855,7,0.015625,334.88885245901633,274.9410726218809,0.1790079884622969
859,1068.3890160173175,1015.373522043228,902.0408447831868,899.8063557589038,54,0.015625,291.6945901639344,238.64913553328745,0.18185272000017216
885,1212.476571425795,1126.0795276612043,807.5809180736542,857.3287327468136,31,0.015625,302.23704918032786,248.95983128634316,0.17627626407309574
913,1088.314842842519,983.4990089759232,792.6223743706942,807.0180106817763,37,0.015625,342.74098360655734,267.734638674141,0.2188426494641748
949,995.8282262086868,889.4931066781281,731.2327772378922,743.9195926623281,6,0.015625,353.54737704918017,283.8201163712142,0.1972218299565168
898,1017.111192680896,955.545699968934,839.6520651876926,840.5265904847472,61,0.015625,326.1375409836066,258.5481371672792,0.20724202314300513
951,1153.8094710558653,1019.891825504601,711.1150920391083,750.7988361238964,36,0.015625,364.74524590163935,289.0462627025476,0.20753932792726637
949,1021.1619873531164,891.7182651348412,747.3852559924126,759.1509819046097,30,0.015625,351.97639344262296,285.04099949686065,0.19017012274908066
868,1094.2214447259903,1040.705854818225,910.976780578494,910.3877006457604,62,0.015625,298.7355737704918,243.21179732059122,0.1858626200726853
950,1126.986123174429,986.362074315548,726.347953081131,760.2481339961532,27,0.015625,374.07147540983607,290.31452965661043,0.2239062619288487
944,939.7679728642108,882.3713603429496,769.7383053600788,774.1562111071307,51,0.015625,365.2790163934426,284.95531427011804,0.2198968419166125
942,1091.9793794862924,983.3295247517526,759.5200780779123,781.4799736189126,15,0.015625,338.12311475409837,277.0407005476492,0.18065140045474756
919,997.4190765991808,943.0890418589116,823.5575575381517,826.5116187289399,45,0.015625,339.75049180327875,267.3124941466377,0.2132093974968663
949,1078.1620940566067,949.3134720250964,764.2801068723202,778.3400702425687,50,0.015625,368.90377049180324,287.54485697963224,0.22054237451600872
963,1046.4442067593336,943.5451731085772,731.1194147914648,752.541428570979,11,0.015625,377.07442622950805,296.60123811278254,0.21341460072326715
962,905.5854301527144,851.626656576991,757.8394040465355,761.461216923833,5,0.015625,365.3527868852458,293.04395558853224,0.19791509437541294
947,930.0110518559812,879.3628573417664,787.0876993983984,790.4614717365574,23,0.015625,338.7860655737705,278.4959709163689,0.17795919249303793
857,1137.7849786728618,1087.8420621156693,959.9533602595328,957.8646725713802,47,0.015625,281.7944262295082,235.3661848169339,0.16475926097544843
963,1037.5745821744208,952.0108330994844,747.5086078047752,770.4078980249402,9,0.015625,379.02999999999986,294.92213020913334,0.221902935891266
940,978.4839836880564,921.7610009945928,806.7688541486859,810.6661300194585,53,0.015625,350.97999999999996,278.6351734370918,0.2061223618522656
966,1071.016906015575,967.5436364486814,750.5762157961726,771.4895073298339,10,0.015625,379.02999999999986,298.1911816393443,0.21327815307668418
970,896.655128337443,850.2597999759018,763.1724290549755,766.1439362675083,12,0.015625,373.39836065573763,298.3868624192869,0.2008886651369344
842,1180.3460915200412,1139.1753588803113,1022.8220419958234,1007.7412015786635,63,0.015625,270.5065573770492,228.22843202210274,0.15629242324065562
866,1373.2163615338504,1291.5739846415818,920.0647221878172,965.8502315616728,38,0.015625,299.28786885245904,241.97451022516287,0.19149910367917428
854,1371.7471050471067,1187.329053878784,974.9949034303428,989.491109023781,32,0.015625,278.69049180327875,234.6936756818716,0.15786981406047926
893,1297.8649057447908,1175.24084970355,882.5153354555368,914.005531765397,16,0.015625,305.55229508196715,253.58910543925248,0.17006316260453902
891,1158.023993484676,1085.9592803753912,924.5448214933276,927.2341432883096,58,0.015625,354.14262295081977,259.1751193993284,0.268161744441249
962,1191.0116609930992,1055.8742430061102,754.1306409984827,796.6255775897882,43,0.015625,372.13540983606555,295.11582390184265,0.20696656082298606
969,1030.9678934514525,912.3652409762144,779.388003051281,789.1689035624668,27,0.015625,375.775737704918,298.8859658511103,0.20461611578070066
971,933.0301924422384,881.4281387254596,784.4484876841307,788.5053030783339,3,0.015625,377.44213114754086,299.23169709860986,0.2072117222609651
953,975.769934821874,922.4929618649184,813.4231036528945,817.0538189342702,37,0.015625,356.50262295081956,284.90148109919124,0.20084323997107273
970,1126.285239458084,1003.0674511566758,774.195235222578,794.003399927657,33,0.015625,377.7373770491803,299.3172895459226,0.20760478646794756
934,1017.5610840134322,967.2961631789804,858.1729047000408,860.1913505487308,57,0.015625,362.99426229508197,278.7233736846913,0.23215487781425578
910,1218.0597047507763,1142.0469839125872,892.9173033684492,912.476240415623,39,0.015625,313.27000000000004,259.457920680807,0.17177539923769608
853,1197.707484699786,1150.0508195720613,1025.7544554769993,1027.6462975258285,62,0.015625,285.03245901639343,234.06740832303657,0.17880437501479662
965,1191.755055431276,1077.468437794596,771.1495170369744,819.5361811028837,19,0.015625,376.11459016393434,294.0646393799356,0.2181514701363651
969,998.667976856231,914.8533727973698,799.462640658021,806.0097348361259,42,0.015625,374.19311475409836,294.81790748388147,0.21212364455818072
970,1121.672499105334,950.0394847244024,792.7184104919434,805.3929661654796,41,0.015625,374.1167213114753,295.7432938218809,0.20948923965455069
877,1233.6072374507785,1164.9453765712678,991.6186444461346,988.7558624952508,47,0.015625,294.0693442622951,245.74606998308303,0.16432611974715094
771,1433.869644291699,1378.5229684785008,1241.150176152587,1243.6152513396762,63,0.015625,233.34688524590163,198.95191921541914,0.14739843642753997
959,1179.8207757063217,1085.7123107649386,796.0050506517291,839.6001538108248,10,0.015625,379.0021311475409,293.5138232899301,0.22556154921548785
858,1325.7996985688803,1210.7297662645578,1048.112902790308,1037.6249645598596,48,0.015625,274.6827868852459,234.90485805053225,0.1448140572832168
777,1528.264767937362,1442.6357585936782,1217.9226074367762,1232.8545887130258,55,0.015625,235.54163934426228,199.58027158241094,0.1526752036793419
829,1553.8657142221923,1437.5537648797035,1070.452455431223,1108.636791838692,38,0.015625,280.8183606557377,227.22549987701638,0.19084528751459442
954,1233.4867176413536,1127.7513706125317,819.3878745660186,860.4692696743408,17,0.015625,379.02999999999986,293.1148537031989,0.22667109805767618
965,1005.2593848295508,952.4675974622368,842.9070562124252,846.781191704287,21,0.015625,366.7370491803278,296.2285361268082,0.19225904012454972
